id,vaccine_ndc,substance_name,is_active
1,49281-860,POLIOVIRUS TYPE 1 ANTIGEN (FORMALDEHYDE INACTIVATED),True
2,49281-860,POLIOVIRUS TYPE 2 ANTIGEN (FORMALDEHYDE INACTIVATED),True
3,49281-860,POLIOVIRUS TYPE 3 ANTIGEN (FORMALDEHYDE INACTIVATED),True
4,49281-912,SODIUM CHLORIDE,True
5,0069-2432,BNT162B2 OMICRON (KP.2),True
6,0006-4329,CORYNEBACTERIUM DIPHTHERIAE CRM197 PROTEIN,True
7,0006-4329,STREPTOCOCCUS PNEUMONIAE TYPE 1 CAPSULAR POLYSACCHARIDE DIPHTHERIA CRM197 PROTEIN CONJUGATE ANTIGEN,True
8,0006-4329,STREPTOCOCCUS PNEUMONIAE TYPE 14 CAPSULAR POLYSACCHARIDE DIPHTHERIA CRM197 PROTEIN CONJUGATE ANTIGEN,True
9,0006-4329,STREPTOCOCCUS PNEUMONIAE TYPE 18C CAPSULAR POLYSACCHARIDE DIPHTHERIA CRM197 PROTEIN CONJUGATE ANTIGEN,True
10,0006-4329,STREPTOCOCCUS PNEUMONIAE TYPE 19A CAPSULAR POLYSACCHARIDE DIPHTHERIA CRM197 PROTEIN CONJUGATE ANTIGEN,True
11,0006-4329,STREPTOCOCCUS PNEUMONIAE TYPE 19F CAPSULAR POLYSACCHARIDE DIPHTHERIA CRM197 PROTEIN CONJUGATE ANTIGEN,True
12,0006-4329,STREPTOCOCCUS PNEUMONIAE TYPE 22F CAPSULAR POLYSACCHARIDE DIPHTHERIA CRM197 PROTEIN CONJUGATE ANTIGEN,True
13,0006-4329,STREPTOCOCCUS PNEUMONIAE TYPE 23F CAPSULAR POLYSACCHARIDE DIPHTHERIA CRM197 PROTEIN CONJUGATE ANTIGEN,True
14,0006-4329,STREPTOCOCCUS PNEUMONIAE TYPE 3 CAPSULAR POLYSACCHARIDE DIPHTHERIA CRM197 PROTEIN CONJUGATE ANTIGEN,True
15,0006-4329,STREPTOCOCCUS PNEUMONIAE TYPE 33F CAPSULAR POLYSACCHARIDE DIPHTHERIA CRM197 PROTEIN CONJUGATE ANTIGEN,True
16,0006-4329,STREPTOCOCCUS PNEUMONIAE TYPE 4 CAPSULAR POLYSACCHARIDE DIPHTHERIA CRM197 PROTEIN CONJUGATE ANTIGEN,True
17,0006-4329,STREPTOCOCCUS PNEUMONIAE TYPE 5 CAPSULAR POLYSACCHARIDE DIPHTHERIA CRM197 PROTEIN CONJUGATE ANTIGEN,True
18,0006-4329,STREPTOCOCCUS PNEUMONIAE TYPE 6A CAPSULAR POLYSACCHARIDE DIPHTHERIA CRM197 PROTEIN CONJUGATE ANTIGEN,True
19,0006-4329,STREPTOCOCCUS PNEUMONIAE TYPE 6B CAPSULAR POLYSACCHARIDE DIPHTHERIA CRM197 PROTEIN CONJUGATE ANTIGEN,True
20,0006-4329,STREPTOCOCCUS PNEUMONIAE TYPE 7F CAPSULAR POLYSACCHARIDE DIPHTHERIA CRM197 PROTEIN CONJUGATE ANTIGEN,True
21,0006-4329,STREPTOCOCCUS PNEUMONIAE TYPE 9V CAPSULAR POLYSACCHARIDE DIPHTHERIA CRM197 PROTEIN CONJUGATE ANTIGEN,True
22,14362-0111,CLOSTRIDIUM TETANI TOXOID ANTIGEN (FORMALDEHYDE INACTIVATED),True
23,14362-0111,CORYNEBACTERIUM DIPHTHERIAE TOXOID ANTIGEN (FORMALDEHYDE INACTIVATED),True
24,68263-001,CX-038839 OMICRON (XBB.1.5),True
25,84586-001,CX-038839 OMICRON (XBB.1.5),True
26,68594-027,NEISSERIA MENINGITIDIS SEROGROUP B RECOMBINANT LP2086 A05 PROTEIN VARIANT ANTIGEN,True
27,68594-028,NEISSERIA MENINGITIDIS SEROGROUP B RECOMBINANT LP2086 B01 PROTEIN VARIANT ANTIGEN,True
28,50090-2062,CLOSTRIDIUM TETANI TOXOID ANTIGEN (FORMALDEHYDE INACTIVATED),True
29,50090-2062,CORYNEBACTERIUM DIPHTHERIAE TOXOID ANTIGEN (FORMALDEHYDE INACTIVATED),True
30,69806-0001,HAEMOPHILUS INFLUENZAE TYPE B CAPSULAR POLYSACCHARIDE MENINGOCOCCAL OUTER MEMBRANE PROTEIN CONJUGATE ANTIGEN,True
31,58160-740,HUMAN ROTAVIRUS A TYPE G1P(8) STRAIN RIX4414 LIVE ANTIGEN,True
32,69806-0002,HEPATITIS B VIRUS SUBTYPE ADW HBSAG SURFACE PROTEIN ANTIGEN,True
33,58160-810,BORDETELLA PERTUSSIS FILAMENTOUS HEMAGGLUTININ ANTIGEN (FORMALDEHYDE INACTIVATED),True
34,58160-810,BORDETELLA PERTUSSIS PERTACTIN ANTIGEN (FORMALDEHYDE INACTIVATED),True
35,58160-810,"BORDETELLA PERTUSSIS TOXOID ANTIGEN (FORMALDEHYDE, GLUTARALDEHYDE INACTIVATED)",True
36,58160-810,CLOSTRIDIUM TETANI TOXOID ANTIGEN (FORMALDEHYDE INACTIVATED),True
37,58160-810,CORYNEBACTERIUM DIPHTHERIAE TOXOID ANTIGEN (FORMALDEHYDE INACTIVATED),True
38,0005-1971,STREPTOCOCCUS PNEUMONIAE TYPE 1 CAPSULAR POLYSACCHARIDE DIPHTHERIA CRM197 PROTEIN CONJUGATE ANTIGEN,True
39,0005-1971,STREPTOCOCCUS PNEUMONIAE TYPE 14 CAPSULAR POLYSACCHARIDE DIPHTHERIA CRM197 PROTEIN CONJUGATE ANTIGEN,True
40,0005-1971,STREPTOCOCCUS PNEUMONIAE TYPE 18C CAPSULAR POLYSACCHARIDE DIPHTHERIA CRM197 PROTEIN CONJUGATE ANTIGEN,True
41,0005-1971,STREPTOCOCCUS PNEUMONIAE TYPE 19A CAPSULAR POLYSACCHARIDE DIPHTHERIA CRM197 PROTEIN CONJUGATE ANTIGEN,True
42,0005-1971,STREPTOCOCCUS PNEUMONIAE TYPE 19F CAPSULAR POLYSACCHARIDE DIPHTHERIA CRM197 PROTEIN CONJUGATE ANTIGEN,True
43,0005-1971,STREPTOCOCCUS PNEUMONIAE TYPE 23F CAPSULAR POLYSACCHARIDE DIPHTHERIA CRM197 PROTEIN CONJUGATE ANTIGEN,True
44,0005-1971,STREPTOCOCCUS PNEUMONIAE TYPE 3 CAPSULAR POLYSACCHARIDE DIPHTHERIA CRM197 PROTEIN CONJUGATE ANTIGEN,True
45,0005-1971,STREPTOCOCCUS PNEUMONIAE TYPE 4 CAPSULAR POLYSACCHARIDE DIPHTHERIA CRM197 PROTEIN CONJUGATE ANTIGEN,True
46,0005-1971,STREPTOCOCCUS PNEUMONIAE TYPE 5 CAPSULAR POLYSACCHARIDE DIPHTHERIA CRM197 PROTEIN CONJUGATE ANTIGEN,True
47,0005-1971,STREPTOCOCCUS PNEUMONIAE TYPE 6A CAPSULAR POLYSACCHARIDE DIPHTHERIA CRM197 PROTEIN CONJUGATE ANTIGEN,True
48,0005-1971,STREPTOCOCCUS PNEUMONIAE TYPE 6B CAPSULAR POLYSACCHARIDE DIPHTHERIA CRM197 PROTEIN CONJUGATE ANTIGEN,True
49,0005-1971,STREPTOCOCCUS PNEUMONIAE TYPE 7F CAPSULAR POLYSACCHARIDE DIPHTHERIA CRM197 PROTEIN CONJUGATE ANTIGEN,True
50,0005-1971,STREPTOCOCCUS PNEUMONIAE TYPE 9V CAPSULAR POLYSACCHARIDE DIPHTHERIA CRM197 PROTEIN CONJUGATE ANTIGEN,True
51,0006-4681,MEASLES VIRUS STRAIN ENDERS' ATTENUATED EDMONSTON LIVE ANTIGEN,True
52,0006-4681,MUMPS VIRUS STRAIN B LEVEL JERYL LYNN LIVE ANTIGEN,True
53,0006-4681,RUBELLA VIRUS STRAIN WISTAR RA 27/3 LIVE ANTIGEN,True
54,58160-811,BORDETELLA PERTUSSIS FILAMENTOUS HEMAGGLUTININ ANTIGEN (FORMALDEHYDE INACTIVATED),True
55,58160-811,BORDETELLA PERTUSSIS PERTACTIN ANTIGEN (FORMALDEHYDE INACTIVATED),True
56,58160-811,"BORDETELLA PERTUSSIS TOXOID ANTIGEN (FORMALDEHYDE, GLUTARALDEHYDE INACTIVATED)",True
57,58160-811,CLOSTRIDIUM TETANI TOXOID ANTIGEN (FORMALDEHYDE INACTIVATED),True
58,58160-811,CORYNEBACTERIUM DIPHTHERIAE TOXOID ANTIGEN (FORMALDEHYDE INACTIVATED),True
59,58160-811,HEPATITIS B VIRUS SUBTYPE ADW2 HBSAG SURFACE PROTEIN ANTIGEN,True
60,58160-811,POLIOVIRUS TYPE 1 ANTIGEN (FORMALDEHYDE INACTIVATED),True
61,58160-811,POLIOVIRUS TYPE 2 ANTIGEN (FORMALDEHYDE INACTIVATED),True
62,58160-811,POLIOVIRUS TYPE 3 ANTIGEN (FORMALDEHYDE INACTIVATED),True
63,58160-812,BORDETELLA PERTUSSIS FILAMENTOUS HEMAGGLUTININ ANTIGEN (FORMALDEHYDE INACTIVATED),True
64,58160-812,BORDETELLA PERTUSSIS PERTACTIN ANTIGEN (FORMALDEHYDE INACTIVATED),True
267,50632-016,SALMONELLA TYPHI TY21A LIVE ANTIGEN,True
65,58160-812,"BORDETELLA PERTUSSIS TOXOID ANTIGEN (FORMALDEHYDE, GLUTARALDEHYDE INACTIVATED)",True
66,58160-812,CLOSTRIDIUM TETANI TOXOID ANTIGEN (FORMALDEHYDE INACTIVATED),True
67,58160-812,CORYNEBACTERIUM DIPHTHERIAE TOXOID ANTIGEN (FORMALDEHYDE INACTIVATED),True
68,58160-812,POLIOVIRUS TYPE 1 ANTIGEN (FORMALDEHYDE INACTIVATED),True
69,58160-812,POLIOVIRUS TYPE 2 ANTIGEN (FORMALDEHYDE INACTIVATED),True
70,58160-812,POLIOVIRUS TYPE 3 ANTIGEN (FORMALDEHYDE INACTIVATED),True
71,58160-815,HEPATITIS A VIRUS STRAIN HM175 ANTIGEN (FORMALDEHYDE INACTIVATED),True
72,58160-815,HEPATITIS B VIRUS SUBTYPE ADW2 HBSAG SURFACE PROTEIN ANTIGEN,True
73,66019-311,INFLUENZA A VIRUS A/NORWAY/31694/2022 (H1N1) LIVE (ATTENUATED) ANTIGEN,True
74,66019-311,INFLUENZA A VIRUS A/THAILAND/8/2022 (H3N2) LIVE,True
75,66019-311,INFLUENZA B VIRUS B/AUSTRIA/1359417/2021 LIVE (ATTENUATED) ANTIGEN,True
76,49281-124,INFLUENZA A VIRUS A/CALIFORNIA/122/2022 SAN-022 (H3N2) ANTIGEN (FORMALDEHYDE INACTIVATED),True
77,49281-124,INFLUENZA A VIRUS A/VICTORIA/4897/2022 IVR-238 (H1N1) ANTIGEN (FORMALDEHYDE INACTIVATED),True
78,49281-124,INFLUENZA B VIRUS B/MICHIGAN/01/2021 ANTIGEN (FORMALDEHYDE INACTIVATED),True
79,58160-820,HEPATITIS B VIRUS SUBTYPE ADW2 HBSAG SURFACE PROTEIN ANTIGEN,True
80,49281-215,CLOSTRIDIUM TETANI TOXOID ANTIGEN (FORMALDEHYDE INACTIVATED),True
81,49281-215,CORYNEBACTERIUM DIPHTHERIAE TOXOID ANTIGEN (FORMALDEHYDE INACTIVATED),True
82,58160-821,HEPATITIS B VIRUS SUBTYPE ADW2 HBSAG SURFACE PROTEIN ANTIGEN,True
83,49281-224,INFLUENZA A VIRUS A/CALIFORNIA/122/2022 SAN-022 (H3N2) ANTIGEN (FORMALDEHYDE INACTIVATED),True
84,49281-224,INFLUENZA A VIRUS A/VICTORIA/4897/2022 IVR-238 (H1N1) ANTIGEN (FORMALDEHYDE INACTIVATED),True
85,49281-224,INFLUENZA B VIRUS B/MICHIGAN/01/2021 ANTIGEN (FORMALDEHYDE INACTIVATED),True
86,49281-224,INFLUENZA B VIRUS B/PHUKET/3073/2013 ANTIGEN (FORMALDEHYDE INACTIVATED),True
87,49281-225,CLOSTRIDIUM TETANI TOXOID ANTIGEN (FORMALDEHYDE INACTIVATED),True
88,49281-225,CORYNEBACTERIUM DIPHTHERIAE TOXOID ANTIGEN (FORMALDEHYDE INACTIVATED),True
89,0006-4981,HEPATITIS B VIRUS SUBTYPE ADW HBSAG SURFACE PROTEIN ANTIGEN,True
90,58160-825,HEPATITIS A VIRUS STRAIN HM175 ANTIGEN (FORMALDEHYDE INACTIVATED),True
91,58160-826,HEPATITIS A VIRUS STRAIN HM175 ANTIGEN (FORMALDEHYDE INACTIVATED),True
92,0069-0411,TICK-BORNE ENCEPHALITIS PURIFIED ANTIGEN (FORMALDEHYDE INACTIVATED),True
93,49281-286,BORDETELLA PERTUSSIS FILAMENTOUS HEMAGGLUTININ ANTIGEN (FORMALDEHYDE INACTIVATED),True
94,49281-286,BORDETELLA PERTUSSIS FIMBRIAE 2/3 ANTIGEN,True
95,49281-286,BORDETELLA PERTUSSIS PERTACTIN ANTIGEN,True
96,49281-286,BORDETELLA PERTUSSIS TOXOID ANTIGEN (GLUTARALDEHYDE INACTIVATED),True
97,49281-286,CLOSTRIDIUM TETANI TOXOID ANTIGEN (FORMALDEHYDE INACTIVATED),True
98,49281-286,CORYNEBACTERIUM DIPHTHERIAE TOXOID ANTIGEN (FORMALDEHYDE INACTIVATED),True
99,58160-827,NEISSERIA MENINGITIDIS GROUP A CAPSULAR OLIGOSACCHARIDE DIPHTHERIA CRM197 PROTEIN CONJUGATE ANTIGEN,True
100,58160-827,NEISSERIA MENINGITIDIS GROUP C CAPSULAR OLIGOSACCHARIDE DIPHTHERIA CRM197 PROTEIN CONJUGATE ANTIGEN,True
101,58160-827,NEISSERIA MENINGITIDIS GROUP W-135 CAPSULAR OLIGOSACCHARIDE DIPHTHERIA CRM197 PROTEIN CONJUGATE ANTIGEN,True
102,58160-827,NEISSERIA MENINGITIDIS GROUP Y CAPSULAR OLIGOSACCHARIDE DIPHTHERIA CRM197 PROTEIN CONJUGATE ANTIGEN,True
103,49281-400,BORDETELLA PERTUSSIS FILAMENTOUS HEMAGGLUTININ ANTIGEN (FORMALDEHYDE INACTIVATED),True
104,49281-400,BORDETELLA PERTUSSIS FIMBRIAE 2/3 ANTIGEN,True
105,49281-400,BORDETELLA PERTUSSIS PERTACTIN ANTIGEN,True
106,49281-400,BORDETELLA PERTUSSIS TOXOID ANTIGEN (GLUTARALDEHYDE INACTIVATED),True
107,49281-400,CLOSTRIDIUM TETANI TOXOID ANTIGEN (FORMALDEHYDE INACTIVATED),True
108,49281-400,CORYNEBACTERIUM DIPHTHERIAE TOXOID ANTIGEN (FORMALDEHYDE INACTIVATED),True
109,58160-842,BORDETELLA PERTUSSIS FILAMENTOUS HEMAGGLUTININ ANTIGEN (FORMALDEHYDE INACTIVATED),True
110,58160-842,BORDETELLA PERTUSSIS PERTACTIN ANTIGEN (FORMALDEHYDE INACTIVATED),True
111,58160-842,"BORDETELLA PERTUSSIS TOXOID ANTIGEN (FORMALDEHYDE, GLUTARALDEHYDE INACTIVATED)",True
112,58160-842,CLOSTRIDIUM TETANI TOXOID ANTIGEN (FORMALDEHYDE INACTIVATED),True
113,58160-842,CORYNEBACTERIUM DIPHTHERIAE TOXOID ANTIGEN (FORMALDEHYDE INACTIVATED),True
114,49281-424,INFLUENZA A VIRUS A/CALIFORNIA/122/2022 SAN-022 (H3N2) ANTIGEN (FORMALDEHYDE INACTIVATED),True
115,49281-424,INFLUENZA A VIRUS A/VICTORIA/4897/2022 IVR-238 (H1N1) ANTIGEN (FORMALDEHYDE INACTIVATED),True
116,49281-424,INFLUENZA B VIRUS B/MICHIGAN/01/2021 ANTIGEN (FORMALDEHYDE INACTIVATED),True
117,49281-539,INFLUENZA A VIRUS A/CALIFORNIA/122/2022 SAN-022 (H3N2) ANTIGEN (FORMALDEHYDE INACTIVATED),True
118,49281-539,INFLUENZA A VIRUS A/VICTORIA/4897/2022 IVR-238 (H1N1) ANTIGEN (FORMALDEHYDE INACTIVATED),True
119,49281-539,INFLUENZA B VIRUS B/MICHIGAN/01/2021 ANTIGEN (FORMALDEHYDE INACTIVATED),True
120,49281-539,INFLUENZA B VIRUS B/PHUKET/3073/2013 ANTIGEN (FORMALDEHYDE INACTIVATED),True
121,58160-884,INFLUENZA A VIRUS A/THAILAND/8/2022 IVR-237 (H3N2) ANTIGEN (FORMALDEHYDE INACTIVATED),True
122,58160-884,INFLUENZA A VIRUS A/VICTORIA/4897/2022 IVR-238 (H1N1) ANTIGEN (FORMALDEHYDE INACTIVATED),True
123,58160-884,INFLUENZA B VIRUS B/AUSTRIA/1359417/2021 BVR-26 ANTIGEN (FORMALDEHYDE INACTIVATED),True
124,49281-564,BORDETELLA PERTUSSIS FILAMENTOUS HEMAGGLUTININ ANTIGEN (FORMALDEHYDE INACTIVATED),True
125,49281-564,BORDETELLA PERTUSSIS FIMBRIAE 2/3 ANTIGEN,True
126,49281-564,BORDETELLA PERTUSSIS PERTACTIN ANTIGEN,True
127,49281-564,BORDETELLA PERTUSSIS TOXOID ANTIGEN (GLUTARALDEHYDE INACTIVATED),True
128,49281-564,CLOSTRIDIUM TETANI TOXOID ANTIGEN (FORMALDEHYDE INACTIVATED),True
129,49281-564,CORYNEBACTERIUM DIPHTHERIAE TOXOID ANTIGEN (FORMALDEHYDE INACTIVATED),True
130,49281-564,POLIOVIRUS TYPE 1 ANTIGEN (FORMALDEHYDE INACTIVATED),True
131,49281-564,POLIOVIRUS TYPE 2 ANTIGEN (FORMALDEHYDE INACTIVATED),True
132,49281-564,POLIOVIRUS TYPE 3 ANTIGEN (FORMALDEHYDE INACTIVATED),True
133,58160-976,NEISSERIA MENINGITIDIS GROUP B FHBP FUSION PROTEIN ANTIGEN,True
134,58160-976,NEISSERIA MENINGITIDIS GROUP B NADA PROTEIN ANTIGEN,True
135,58160-976,NEISSERIA MENINGITIDIS GROUP B NHBA FUSION PROTEIN ANTIGEN,True
136,58160-976,NEISSERIA MENINGITIDIS GROUP B STRAIN NZ98/254 OUTER MEMBRANE VESICLE ANTIGEN,True
137,49281-589,NEISSERIA MENINGITIDIS GROUP A CAPSULAR POLYSACCHARIDE DIPHTHERIA TOXOID CONJUGATE ANTIGEN,True
138,49281-589,NEISSERIA MENINGITIDIS GROUP C CAPSULAR POLYSACCHARIDE DIPHTHERIA TOXOID CONJUGATE ANTIGEN,True
139,49281-589,NEISSERIA MENINGITIDIS GROUP W-135 CAPSULAR POLYSACCHARIDE DIPHTHERIA TOXOID CONJUGATE ANTIGEN,True
140,49281-589,NEISSERIA MENINGITIDIS GROUP Y CAPSULAR POLYSACCHARIDE DIPHTHERIA TOXOID CONJUGATE ANTIGEN,True
141,0006-4109,HUMAN PAPILLOMAVIRUS TYPE 11 L1 CAPSID PROTEIN ANTIGEN,True
142,0006-4109,HUMAN PAPILLOMAVIRUS TYPE 16 L1 CAPSID PROTEIN ANTIGEN,True
143,0006-4109,HUMAN PAPILLOMAVIRUS TYPE 18 L1 CAPSID PROTEIN ANTIGEN,True
144,0006-4109,HUMAN PAPILLOMAVIRUS TYPE 6 L1 CAPSID PROTEIN ANTIGEN,True
145,49281-590,NEISSERIA MENINGITIDIS GROUP A CAPSULAR POLYSACCHARIDE TETANUS TOXOID CONJUGATE ANTIGEN,True
146,49281-590,NEISSERIA MENINGITIDIS GROUP C CAPSULAR POLYSACCHARIDE TETANUS TOXOID CONJUGATE ANTIGEN,True
147,49281-590,NEISSERIA MENINGITIDIS GROUP W-135 CAPSULAR POLYSACCHARIDE TETANUS TOXOID CONJUGATE ANTIGEN,True
148,49281-590,NEISSERIA MENINGITIDIS GROUP Y CAPSULAR POLYSACCHARIDE TETANUS TOXOID CONJUGATE ANTIGEN,True
149,49281-641,INFLUENZA A VIRUS A/CALIFORNIA/122/2022 SAN-022 (H3N2) ANTIGEN (FORMALDEHYDE INACTIVATED),True
150,49281-641,INFLUENZA A VIRUS A/VICTORIA/4897/2022 IVR-238 (H1N1) ANTIGEN (FORMALDEHYDE INACTIVATED),True
151,49281-641,INFLUENZA B VIRUS B/MICHIGAN/01/2021 ANTIGEN (FORMALDEHYDE INACTIVATED),True
152,49281-722,INFLUENZA A VIRUS A/DARWIN/6/2021 (H3N2) RECOMBINANT HEMAGGLUTININ ANTIGEN,True
153,49281-722,INFLUENZA A VIRUS A/WISCONSIN/588/2019 (H1N1) RECOMBINANT HEMAGGLUTININ ANTIGEN,True
154,49281-722,INFLUENZA B VIRUS B/AUSTRIA/1359417/2021 RECOMBINANT HEMAGGLUTININ ANTIGEN,True
155,49281-722,INFLUENZA B VIRUS B/PHUKET/3073/2013 RECOMBINANT HEMAGGLUTININ ANTIGEN,True
156,49281-724,INFLUENZA A VIRUS A/MASSACHUSETTS/18/2022 (H3N2) RECOMBINANT HEMAGGLUTININ ANTIGEN,True
157,49281-724,INFLUENZA A VIRUS A/WEST VIRGINIA/30/2022 (H1N1) RECOMBINANT HEMAGGLUTININ ANTIGEN,True
158,49281-724,INFLUENZA B VIRUS B/AUSTRIA/1359417/2021 RECOMBINANT HEMAGGLUTININ ANTIGEN,True
159,49281-790,SALMONELLA TYPHI TY2 VI POLYSACCHARIDE ANTIGEN,True
160,0006-4897,HAEMOPHILUS INFLUENZAE TYPE B CAPSULAR POLYSACCHARIDE MENINGOCOCCAL OUTER MEMBRANE PROTEIN CONJUGATE ANTIGEN,True
161,50024-100,CX-038839 OMICRON (XBB.1.5),True
162,69497-0090,STREPTOCOCCUS PNEUMONIAE TYPE 1 CAPSULAR POLYSACCHARIDE ANTIGEN,True
163,69497-0090,STREPTOCOCCUS PNEUMONIAE TYPE 10A CAPSULAR POLYSACCHARIDE ANTIGEN,True
164,69497-0090,STREPTOCOCCUS PNEUMONIAE TYPE 11A CAPSULAR POLYSACCHARIDE ANTIGEN,True
165,69497-0090,STREPTOCOCCUS PNEUMONIAE TYPE 12F CAPSULAR POLYSACCHARIDE ANTIGEN,True
166,69497-0090,STREPTOCOCCUS PNEUMONIAE TYPE 14 CAPSULAR POLYSACCHARIDE ANTIGEN,True
167,69497-0090,STREPTOCOCCUS PNEUMONIAE TYPE 15B CAPSULAR POLYSACCHARIDE ANTIGEN,True
168,69497-0090,STREPTOCOCCUS PNEUMONIAE TYPE 17F CAPSULAR POLYSACCHARIDE ANTIGEN,True
169,69497-0090,STREPTOCOCCUS PNEUMONIAE TYPE 18C CAPSULAR POLYSACCHARIDE ANTIGEN,True
170,69497-0090,STREPTOCOCCUS PNEUMONIAE TYPE 19A CAPSULAR POLYSACCHARIDE ANTIGEN,True
171,69497-0090,STREPTOCOCCUS PNEUMONIAE TYPE 19F CAPSULAR POLYSACCHARIDE ANTIGEN,True
172,69497-0090,STREPTOCOCCUS PNEUMONIAE TYPE 2 CAPSULAR POLYSACCHARIDE ANTIGEN,True
173,69497-0090,STREPTOCOCCUS PNEUMONIAE TYPE 20 CAPSULAR POLYSACCHARIDE ANTIGEN,True
174,69497-0090,STREPTOCOCCUS PNEUMONIAE TYPE 22F CAPSULAR POLYSACCHARIDE ANTIGEN,True
175,69497-0090,STREPTOCOCCUS PNEUMONIAE TYPE 23F CAPSULAR POLYSACCHARIDE ANTIGEN,True
176,69497-0090,STREPTOCOCCUS PNEUMONIAE TYPE 3 CAPSULAR POLYSACCHARIDE ANTIGEN,True
177,69497-0090,STREPTOCOCCUS PNEUMONIAE TYPE 33F CAPSULAR POLYSACCHARIDE ANTIGEN,True
178,69497-0090,STREPTOCOCCUS PNEUMONIAE TYPE 4 CAPSULAR POLYSACCHARIDE ANTIGEN,True
179,69497-0090,STREPTOCOCCUS PNEUMONIAE TYPE 5 CAPSULAR POLYSACCHARIDE ANTIGEN,True
180,69497-0090,STREPTOCOCCUS PNEUMONIAE TYPE 6B CAPSULAR POLYSACCHARIDE ANTIGEN,True
181,69497-0090,STREPTOCOCCUS PNEUMONIAE TYPE 7F CAPSULAR POLYSACCHARIDE ANTIGEN,True
182,69497-0090,STREPTOCOCCUS PNEUMONIAE TYPE 8 CAPSULAR POLYSACCHARIDE ANTIGEN,True
183,69497-0090,STREPTOCOCCUS PNEUMONIAE TYPE 9N CAPSULAR POLYSACCHARIDE ANTIGEN,True
184,69497-0090,STREPTOCOCCUS PNEUMONIAE TYPE 9V CAPSULAR POLYSACCHARIDE ANTIGEN,True
185,69497-0101,STREPTOCOCCUS PNEUMONIAE TYPE 1 CAPSULAR POLYSACCHARIDE ANTIGEN,True
186,69497-0101,STREPTOCOCCUS PNEUMONIAE TYPE 10A CAPSULAR POLYSACCHARIDE ANTIGEN,True
187,69497-0101,STREPTOCOCCUS PNEUMONIAE TYPE 11A CAPSULAR POLYSACCHARIDE ANTIGEN,True
188,69497-0101,STREPTOCOCCUS PNEUMONIAE TYPE 12F CAPSULAR POLYSACCHARIDE ANTIGEN,True
189,69497-0101,STREPTOCOCCUS PNEUMONIAE TYPE 14 CAPSULAR POLYSACCHARIDE ANTIGEN,True
190,69497-0101,STREPTOCOCCUS PNEUMONIAE TYPE 15B CAPSULAR POLYSACCHARIDE ANTIGEN,True
191,69497-0101,STREPTOCOCCUS PNEUMONIAE TYPE 17F CAPSULAR POLYSACCHARIDE ANTIGEN,True
192,69497-0101,STREPTOCOCCUS PNEUMONIAE TYPE 18C CAPSULAR POLYSACCHARIDE ANTIGEN,True
193,69497-0101,STREPTOCOCCUS PNEUMONIAE TYPE 19A CAPSULAR POLYSACCHARIDE ANTIGEN,True
194,69497-0101,STREPTOCOCCUS PNEUMONIAE TYPE 19F CAPSULAR POLYSACCHARIDE ANTIGEN,True
195,69497-0101,STREPTOCOCCUS PNEUMONIAE TYPE 2 CAPSULAR POLYSACCHARIDE ANTIGEN,True
196,69497-0101,STREPTOCOCCUS PNEUMONIAE TYPE 20 CAPSULAR POLYSACCHARIDE ANTIGEN,True
197,69497-0101,STREPTOCOCCUS PNEUMONIAE TYPE 22F CAPSULAR POLYSACCHARIDE ANTIGEN,True
198,69497-0101,STREPTOCOCCUS PNEUMONIAE TYPE 23F CAPSULAR POLYSACCHARIDE ANTIGEN,True
199,69497-0101,STREPTOCOCCUS PNEUMONIAE TYPE 3 CAPSULAR POLYSACCHARIDE ANTIGEN,True
200,69497-0101,STREPTOCOCCUS PNEUMONIAE TYPE 33F CAPSULAR POLYSACCHARIDE ANTIGEN,True
201,69497-0101,STREPTOCOCCUS PNEUMONIAE TYPE 4 CAPSULAR POLYSACCHARIDE ANTIGEN,True
202,69497-0101,STREPTOCOCCUS PNEUMONIAE TYPE 5 CAPSULAR POLYSACCHARIDE ANTIGEN,True
203,69497-0101,STREPTOCOCCUS PNEUMONIAE TYPE 6B CAPSULAR POLYSACCHARIDE ANTIGEN,True
204,69497-0101,STREPTOCOCCUS PNEUMONIAE TYPE 7F CAPSULAR POLYSACCHARIDE ANTIGEN,True
205,69497-0101,STREPTOCOCCUS PNEUMONIAE TYPE 8 CAPSULAR POLYSACCHARIDE ANTIGEN,True
206,69497-0101,STREPTOCOCCUS PNEUMONIAE TYPE 9N CAPSULAR POLYSACCHARIDE ANTIGEN,True
207,69497-0101,STREPTOCOCCUS PNEUMONIAE TYPE 9V CAPSULAR POLYSACCHARIDE ANTIGEN,True
208,69497-0102,HUMAN PAPILLOMAVIRUS TYPE 11 L1 CAPSID PROTEIN ANTIGEN,True
209,69497-0102,HUMAN PAPILLOMAVIRUS TYPE 16 L1 CAPSID PROTEIN ANTIGEN,True
210,69497-0102,HUMAN PAPILLOMAVIRUS TYPE 18 L1 CAPSID PROTEIN ANTIGEN,True
211,69497-0102,HUMAN PAPILLOMAVIRUS TYPE 31 L1 CAPSID PROTEIN ANTIGEN,True
212,69497-0102,HUMAN PAPILLOMAVIRUS TYPE 33 L1 CAPSID PROTEIN ANTIGEN,True
213,69497-0102,HUMAN PAPILLOMAVIRUS TYPE 45 L1 CAPSID PROTEIN ANTIGEN,True
214,69497-0102,HUMAN PAPILLOMAVIRUS TYPE 52 L1 CAPSID PROTEIN ANTIGEN,True
215,69497-0102,HUMAN PAPILLOMAVIRUS TYPE 58 L1 CAPSID PROTEIN ANTIGEN,True
216,69497-0102,HUMAN PAPILLOMAVIRUS TYPE 6 L1 CAPSID PROTEIN ANTIGEN,True
217,69497-0103,HUMAN PAPILLOMAVIRUS TYPE 11 L1 CAPSID PROTEIN ANTIGEN,True
218,69497-0103,HUMAN PAPILLOMAVIRUS TYPE 16 L1 CAPSID PROTEIN ANTIGEN,True
219,69497-0103,HUMAN PAPILLOMAVIRUS TYPE 18 L1 CAPSID PROTEIN ANTIGEN,True
220,69497-0103,HUMAN PAPILLOMAVIRUS TYPE 31 L1 CAPSID PROTEIN ANTIGEN,True
221,69497-0103,HUMAN PAPILLOMAVIRUS TYPE 33 L1 CAPSID PROTEIN ANTIGEN,True
222,69497-0103,HUMAN PAPILLOMAVIRUS TYPE 45 L1 CAPSID PROTEIN ANTIGEN,True
223,69497-0103,HUMAN PAPILLOMAVIRUS TYPE 52 L1 CAPSID PROTEIN ANTIGEN,True
224,69497-0103,HUMAN PAPILLOMAVIRUS TYPE 58 L1 CAPSID PROTEIN ANTIGEN,True
225,69497-0103,HUMAN PAPILLOMAVIRUS TYPE 6 L1 CAPSID PROTEIN ANTIGEN,True
226,69497-0134,CORYNEBACTERIUM DIPHTHERIAE CRM197 PROTEIN,True
227,69497-0134,STREPTOCOCCUS PNEUMONIAE TYPE 1 CAPSULAR POLYSACCHARIDE DIPHTHERIA CRM197 PROTEIN CONJUGATE ANTIGEN,True
228,69497-0134,STREPTOCOCCUS PNEUMONIAE TYPE 14 CAPSULAR POLYSACCHARIDE DIPHTHERIA CRM197 PROTEIN CONJUGATE ANTIGEN,True
229,69497-0134,STREPTOCOCCUS PNEUMONIAE TYPE 18C CAPSULAR POLYSACCHARIDE DIPHTHERIA CRM197 PROTEIN CONJUGATE ANTIGEN,True
230,69497-0134,STREPTOCOCCUS PNEUMONIAE TYPE 19A CAPSULAR POLYSACCHARIDE DIPHTHERIA CRM197 PROTEIN CONJUGATE ANTIGEN,True
231,69497-0134,STREPTOCOCCUS PNEUMONIAE TYPE 19F CAPSULAR POLYSACCHARIDE DIPHTHERIA CRM197 PROTEIN CONJUGATE ANTIGEN,True
232,69497-0134,STREPTOCOCCUS PNEUMONIAE TYPE 22F CAPSULAR POLYSACCHARIDE DIPHTHERIA CRM197 PROTEIN CONJUGATE ANTIGEN,True
233,69497-0134,STREPTOCOCCUS PNEUMONIAE TYPE 23F CAPSULAR POLYSACCHARIDE DIPHTHERIA CRM197 PROTEIN CONJUGATE ANTIGEN,True
234,69497-0134,STREPTOCOCCUS PNEUMONIAE TYPE 3 CAPSULAR POLYSACCHARIDE DIPHTHERIA CRM197 PROTEIN CONJUGATE ANTIGEN,True
235,69497-0134,STREPTOCOCCUS PNEUMONIAE TYPE 33F CAPSULAR POLYSACCHARIDE DIPHTHERIA CRM197 PROTEIN CONJUGATE ANTIGEN,True
236,69497-0134,STREPTOCOCCUS PNEUMONIAE TYPE 4 CAPSULAR POLYSACCHARIDE DIPHTHERIA CRM197 PROTEIN CONJUGATE ANTIGEN,True
237,69497-0134,STREPTOCOCCUS PNEUMONIAE TYPE 5 CAPSULAR POLYSACCHARIDE DIPHTHERIA CRM197 PROTEIN CONJUGATE ANTIGEN,True
238,69497-0134,STREPTOCOCCUS PNEUMONIAE TYPE 6A CAPSULAR POLYSACCHARIDE DIPHTHERIA CRM197 PROTEIN CONJUGATE ANTIGEN,True
239,69497-0134,STREPTOCOCCUS PNEUMONIAE TYPE 6B CAPSULAR POLYSACCHARIDE DIPHTHERIA CRM197 PROTEIN CONJUGATE ANTIGEN,True
240,69497-0134,STREPTOCOCCUS PNEUMONIAE TYPE 7F CAPSULAR POLYSACCHARIDE DIPHTHERIA CRM197 PROTEIN CONJUGATE ANTIGEN,True
241,69497-0134,STREPTOCOCCUS PNEUMONIAE TYPE 9V CAPSULAR POLYSACCHARIDE DIPHTHERIA CRM197 PROTEIN CONJUGATE ANTIGEN,True
242,69497-0141,CORYNEBACTERIUM DIPHTHERIAE CRM197 PROTEIN,True
243,69497-0141,STREPTOCOCCUS PNEUMONIAE TYPE 10A CAPSULAR POLYSACCHARIDE DIPHTHERIA CRM197 PROTEIN CONJUGATE ANTIGEN,True
244,69497-0141,STREPTOCOCCUS PNEUMONIAE TYPE 11A CAPSULAR POLYSACCHARIDE DIPHTHERIA CRM197 PROTEIN CONJUGATE ANTIGEN,True
245,69497-0141,STREPTOCOCCUS PNEUMONIAE TYPE 12F CAPSULAR POLYSACCHARIDE DIPHTHERIA CRM197 PROTEIN CONJUGATE ANTIGEN,True
246,69497-0141,STREPTOCOCCUS PNEUMONIAE TYPE 15A CAPSULAR POLYSACCHARIDE DIPHTHERIA CRM197 PROTEIN CONJUGATE ANTIGEN,True
247,69497-0141,STREPTOCOCCUS PNEUMONIAE TYPE 16F CAPSULAR POLYSACCHARIDE DIPHTHERIA CRM197 PROTEIN CONJUGATE ANTIGEN,True
248,69497-0141,STREPTOCOCCUS PNEUMONIAE TYPE 17F CAPSULAR POLYSACCHARIDE DIPHTHERIA CRM197 PROTEIN CONJUGATE ANTIGEN,True
249,69497-0141,STREPTOCOCCUS PNEUMONIAE TYPE 19A CAPSULAR POLYSACCHARIDE DIPHTHERIA CRM197 PROTEIN CONJUGATE ANTIGEN,True
250,69497-0141,STREPTOCOCCUS PNEUMONIAE TYPE 20A CAPSULAR POLYSACCHARIDE DIPHTHERIA CRM197 PROTEIN CONJUGATE ANTIGEN,True
251,69497-0141,STREPTOCOCCUS PNEUMONIAE TYPE 22F CAPSULAR POLYSACCHARIDE DIPHTHERIA CRM197 PROTEIN CONJUGATE ANTIGEN,True
252,69497-0141,STREPTOCOCCUS PNEUMONIAE TYPE 23A CAPSULAR POLYSACCHARIDE DIPHTHERIA CRM197 PROTEIN CONJUGATE ANTIGEN,True
253,69497-0141,STREPTOCOCCUS PNEUMONIAE TYPE 23B CAPSULAR POLYSACCHARIDE DIPHTHERIA CRM197 PROTEIN CONJUGATE ANTIGEN,True
254,69497-0141,STREPTOCOCCUS PNEUMONIAE TYPE 24F CAPSULAR POLYSACCHARIDE DIPHTHERIA CRM197 PROTEIN CONJUGATE ANTIGEN,True
255,69497-0141,STREPTOCOCCUS PNEUMONIAE TYPE 3 CAPSULAR POLYSACCHARIDE DIPHTHERIA CRM197 PROTEIN CONJUGATE ANTIGEN,True
256,69497-0141,STREPTOCOCCUS PNEUMONIAE TYPE 31 CAPSULAR POLYSACCHARIDE DIPHTHERIA CRM197 PROTEIN CONJUGATE ANTIGEN,True
257,69497-0141,STREPTOCOCCUS PNEUMONIAE TYPE 33F CAPSULAR POLYSACCHARIDE DIPHTHERIA CRM197 PROTEIN CONJUGATE ANTIGEN,True
258,69497-0141,STREPTOCOCCUS PNEUMONIAE TYPE 35B CAPSULAR POLYSACCHARIDE DIPHTHERIA CRM197 PROTEIN CONJUGATE ANTIGEN,True
259,69497-0141,STREPTOCOCCUS PNEUMONIAE TYPE 6A CAPSULAR POLYSACCHARIDE DIPHTHERIA CRM197 PROTEIN CONJUGATE ANTIGEN,True
260,69497-0141,STREPTOCOCCUS PNEUMONIAE TYPE 7F CAPSULAR POLYSACCHARIDE DIPHTHERIA CRM197 PROTEIN CONJUGATE ANTIGEN,True
261,69497-0141,STREPTOCOCCUS PNEUMONIAE TYPE 8 CAPSULAR POLYSACCHARIDE DIPHTHERIA CRM197 PROTEIN CONJUGATE ANTIGEN,True
262,69497-0141,STREPTOCOCCUS PNEUMONIAE TYPE 9N CAPSULAR POLYSACCHARIDE DIPHTHERIA CRM197 PROTEIN CONJUGATE ANTIGEN,True
263,69497-0141,STREPTOCOCCUS PNEUMONIAE TYPE DEOAC15B CAPSULAR POLYSACCHARIDE DIPHTHERIA CRM197 PROTEIN CONJUGATE ANTIGEN,True
264,50632-001,VACCINIA VIRUS MODIFIED STRAIN ANKARA-BAVARIAN NORDIC NON-REPLICATING ANTIGEN,True
265,0006-4095,HEPATITIS A VIRUS STRAIN CR 326F ANTIGEN (FORMALDEHYDE INACTIVATED),True
266,50090-1223,HEPATITIS B VIRUS SUBTYPE ADW2 HBSAG SURFACE PROTEIN ANTIGEN,True
268,50632-018,CHIKUNGUNYA VIRUS SENEGAL STRAIN 37997 CAPSID PROTEIN,True
269,50632-018,CHIKUNGUNYA VIRUS SENEGAL STRAIN 37997 ENVELOPE PROTEIN E1,True
270,50632-018,CHIKUNGUNYA VIRUS SENEGAL STRAIN 37997 ENVELOPE PROTEIN E2,True
271,50632-022,VACCINIA VIRUS MODIFIED STRAIN ANKARA-BAVARIAN NORDIC NON-REPLICATING ANTIGEN,True
272,50632-023,VACCINIA VIRUS MODIFIED STRAIN ANKARA-BAVARIAN NORDIC NON-REPLICATING ANTIGEN,True
273,0052-0603,BACILLUS CALMETTE-GUERIN SUBSTRAIN TICE LIVE ANTIGEN,True
274,0006-4293,ZAIRE EBOLAVIRUS (STRAIN KIKWIT-95) ENVELOPE GLYCOPROTEIN,True
275,0006-4837,STREPTOCOCCUS PNEUMONIAE TYPE 1 CAPSULAR POLYSACCHARIDE ANTIGEN,True
276,0006-4837,STREPTOCOCCUS PNEUMONIAE TYPE 10A CAPSULAR POLYSACCHARIDE ANTIGEN,True
277,0006-4837,STREPTOCOCCUS PNEUMONIAE TYPE 11A CAPSULAR POLYSACCHARIDE ANTIGEN,True
278,0006-4837,STREPTOCOCCUS PNEUMONIAE TYPE 12F CAPSULAR POLYSACCHARIDE ANTIGEN,True
279,0006-4837,STREPTOCOCCUS PNEUMONIAE TYPE 14 CAPSULAR POLYSACCHARIDE ANTIGEN,True
280,0006-4837,STREPTOCOCCUS PNEUMONIAE TYPE 15B CAPSULAR POLYSACCHARIDE ANTIGEN,True
281,0006-4837,STREPTOCOCCUS PNEUMONIAE TYPE 17F CAPSULAR POLYSACCHARIDE ANTIGEN,True
282,0006-4837,STREPTOCOCCUS PNEUMONIAE TYPE 18C CAPSULAR POLYSACCHARIDE ANTIGEN,True
283,0006-4837,STREPTOCOCCUS PNEUMONIAE TYPE 19A CAPSULAR POLYSACCHARIDE ANTIGEN,True
284,0006-4837,STREPTOCOCCUS PNEUMONIAE TYPE 19F CAPSULAR POLYSACCHARIDE ANTIGEN,True
285,0006-4837,STREPTOCOCCUS PNEUMONIAE TYPE 2 CAPSULAR POLYSACCHARIDE ANTIGEN,True
286,0006-4837,STREPTOCOCCUS PNEUMONIAE TYPE 20 CAPSULAR POLYSACCHARIDE ANTIGEN,True
287,0006-4837,STREPTOCOCCUS PNEUMONIAE TYPE 22F CAPSULAR POLYSACCHARIDE ANTIGEN,True
288,0006-4837,STREPTOCOCCUS PNEUMONIAE TYPE 23F CAPSULAR POLYSACCHARIDE ANTIGEN,True
289,0006-4837,STREPTOCOCCUS PNEUMONIAE TYPE 3 CAPSULAR POLYSACCHARIDE ANTIGEN,True
290,0006-4837,STREPTOCOCCUS PNEUMONIAE TYPE 33F CAPSULAR POLYSACCHARIDE ANTIGEN,True
291,0006-4837,STREPTOCOCCUS PNEUMONIAE TYPE 4 CAPSULAR POLYSACCHARIDE ANTIGEN,True
292,0006-4837,STREPTOCOCCUS PNEUMONIAE TYPE 5 CAPSULAR POLYSACCHARIDE ANTIGEN,True
293,0006-4837,STREPTOCOCCUS PNEUMONIAE TYPE 6B CAPSULAR POLYSACCHARIDE ANTIGEN,True
294,0006-4837,STREPTOCOCCUS PNEUMONIAE TYPE 7F CAPSULAR POLYSACCHARIDE ANTIGEN,True
295,0006-4837,STREPTOCOCCUS PNEUMONIAE TYPE 8 CAPSULAR POLYSACCHARIDE ANTIGEN,True
296,0006-4837,STREPTOCOCCUS PNEUMONIAE TYPE 9N CAPSULAR POLYSACCHARIDE ANTIGEN,True
297,0006-4837,STREPTOCOCCUS PNEUMONIAE TYPE 9V CAPSULAR POLYSACCHARIDE ANTIGEN,True
298,50090-1377,BORDETELLA PERTUSSIS FILAMENTOUS HEMAGGLUTININ ANTIGEN (FORMALDEHYDE INACTIVATED),True
299,50090-1377,BORDETELLA PERTUSSIS PERTACTIN ANTIGEN (FORMALDEHYDE INACTIVATED),True
300,50090-1377,"BORDETELLA PERTUSSIS TOXOID ANTIGEN (FORMALDEHYDE, GLUTARALDEHYDE INACTIVATED)",True
301,50090-1377,CLOSTRIDIUM TETANI TOXOID ANTIGEN (FORMALDEHYDE INACTIVATED),True
302,50090-1377,CORYNEBACTERIUM DIPHTHERIAE TOXOID ANTIGEN (FORMALDEHYDE INACTIVATED),True
303,0006-4093,HEPATITIS B VIRUS SUBTYPE ADW HBSAG SURFACE PROTEIN ANTIGEN,True
304,19515-810,"INFLUENZA A VIRUS A/THAILAND/8/2022 IVR-237 ANTIGEN (UV, FORMALDEHYDE INACTIVATED)",True
305,19515-810,"INFLUENZA A VIRUS A/VICTORIA/4897/2022 IVR-238 (H1N1) ANTIGEN (UV, FORMALDEHYDE INACTIVATED)",True
306,19515-810,"INFLUENZA B VIRUS B/AUSTRIA/1359417/2021 BVR-26 ANTIGEN (UV, FORMALDEHYDE INACTIVATED)",True
307,50090-6026,STREPTOCOCCUS PNEUMONIAE TYPE 1 CAPSULAR POLYSACCHARIDE DIPHTHERIA CRM197 PROTEIN CONJUGATE ANTIGEN,True
308,50090-6026,STREPTOCOCCUS PNEUMONIAE TYPE 10A CAPSULAR POLYSACCHARIDE DIPHTHERIA CRM197 PROTEIN CONJUGATE ANTIGEN,True
309,50090-6026,STREPTOCOCCUS PNEUMONIAE TYPE 11A CAPSULAR POLYSACCHARIDE DIPHTHERIA CRM197 PROTEIN CONJUGATE ANTIGEN,True
310,50090-6026,STREPTOCOCCUS PNEUMONIAE TYPE 12F CAPSULAR POLYSACCHARIDE DIPHTHERIA CRM197 PROTEIN CONJUGATE ANTIGEN,True
311,50090-6026,STREPTOCOCCUS PNEUMONIAE TYPE 14 CAPSULAR POLYSACCHARIDE DIPHTHERIA CRM197 PROTEIN CONJUGATE ANTIGEN,True
312,50090-6026,STREPTOCOCCUS PNEUMONIAE TYPE 15B CAPSULAR POLYSACCHARIDE DIPHTHERIA CRM197 PROTEIN CONJUGATE ANTIGEN,True
313,50090-6026,STREPTOCOCCUS PNEUMONIAE TYPE 18C CAPSULAR POLYSACCHARIDE DIPHTHERIA CRM197 PROTEIN CONJUGATE ANTIGEN,True
314,50090-6026,STREPTOCOCCUS PNEUMONIAE TYPE 19A CAPSULAR POLYSACCHARIDE DIPHTHERIA CRM197 PROTEIN CONJUGATE ANTIGEN,True
315,50090-6026,STREPTOCOCCUS PNEUMONIAE TYPE 19F CAPSULAR POLYSACCHARIDE DIPHTHERIA CRM197 PROTEIN CONJUGATE ANTIGEN,True
316,50090-6026,STREPTOCOCCUS PNEUMONIAE TYPE 22F CAPSULAR POLYSACCHARIDE DIPHTHERIA CRM197 PROTEIN CONJUGATE ANTIGEN,True
317,50090-6026,STREPTOCOCCUS PNEUMONIAE TYPE 23F CAPSULAR POLYSACCHARIDE DIPHTHERIA CRM197 PROTEIN CONJUGATE ANTIGEN,True
318,50090-6026,STREPTOCOCCUS PNEUMONIAE TYPE 3 CAPSULAR POLYSACCHARIDE DIPHTHERIA CRM197 PROTEIN CONJUGATE ANTIGEN,True
319,50090-6026,STREPTOCOCCUS PNEUMONIAE TYPE 33F CAPSULAR POLYSACCHARIDE DIPHTHERIA CRM197 PROTEIN CONJUGATE ANTIGEN,True
320,50090-6026,STREPTOCOCCUS PNEUMONIAE TYPE 4 CAPSULAR POLYSACCHARIDE DIPHTHERIA CRM197 PROTEIN CONJUGATE ANTIGEN,True
321,50090-6026,STREPTOCOCCUS PNEUMONIAE TYPE 5 CAPSULAR POLYSACCHARIDE DIPHTHERIA CRM197 PROTEIN CONJUGATE ANTIGEN,True
322,50090-6026,STREPTOCOCCUS PNEUMONIAE TYPE 6A CAPSULAR POLYSACCHARIDE DIPHTHERIA CRM197 PROTEIN CONJUGATE ANTIGEN,True
323,50090-6026,STREPTOCOCCUS PNEUMONIAE TYPE 6B CAPSULAR POLYSACCHARIDE DIPHTHERIA CRM197 PROTEIN CONJUGATE ANTIGEN,True
324,50090-6026,STREPTOCOCCUS PNEUMONIAE TYPE 7F CAPSULAR POLYSACCHARIDE DIPHTHERIA CRM197 PROTEIN CONJUGATE ANTIGEN,True
325,50090-6026,STREPTOCOCCUS PNEUMONIAE TYPE 8 CAPSULAR POLYSACCHARIDE DIPHTHERIA CRM197 PROTEIN CONJUGATE ANTIGEN,True
326,50090-6026,STREPTOCOCCUS PNEUMONIAE TYPE 9V CAPSULAR POLYSACCHARIDE DIPHTHERIA CRM197 PROTEIN CONJUGATE ANTIGEN,True
327,0006-4171,MEASLES VIRUS STRAIN ENDERS' ATTENUATED EDMONSTON LIVE ANTIGEN,True
328,0006-4171,MUMPS VIRUS STRAIN B LEVEL JERYL LYNN LIVE ANTIGEN,True
329,0006-4171,RUBELLA VIRUS STRAIN WISTAR RA 27/3 LIVE ANTIGEN,True
330,0006-4171,VARICELLA-ZOSTER VIRUS STRAIN OKA/MERCK LIVE ANTIGEN,True
331,0005-2000,STREPTOCOCCUS PNEUMONIAE TYPE 1 CAPSULAR POLYSACCHARIDE DIPHTHERIA CRM197 PROTEIN CONJUGATE ANTIGEN,True
332,0005-2000,STREPTOCOCCUS PNEUMONIAE TYPE 10A CAPSULAR POLYSACCHARIDE DIPHTHERIA CRM197 PROTEIN CONJUGATE ANTIGEN,True
333,0005-2000,STREPTOCOCCUS PNEUMONIAE TYPE 11A CAPSULAR POLYSACCHARIDE DIPHTHERIA CRM197 PROTEIN CONJUGATE ANTIGEN,True
334,0005-2000,STREPTOCOCCUS PNEUMONIAE TYPE 12F CAPSULAR POLYSACCHARIDE DIPHTHERIA CRM197 PROTEIN CONJUGATE ANTIGEN,True
335,0005-2000,STREPTOCOCCUS PNEUMONIAE TYPE 14 CAPSULAR POLYSACCHARIDE DIPHTHERIA CRM197 PROTEIN CONJUGATE ANTIGEN,True
336,0005-2000,STREPTOCOCCUS PNEUMONIAE TYPE 15B CAPSULAR POLYSACCHARIDE DIPHTHERIA CRM197 PROTEIN CONJUGATE ANTIGEN,True
337,0005-2000,STREPTOCOCCUS PNEUMONIAE TYPE 18C CAPSULAR POLYSACCHARIDE DIPHTHERIA CRM197 PROTEIN CONJUGATE ANTIGEN,True
338,0005-2000,STREPTOCOCCUS PNEUMONIAE TYPE 19A CAPSULAR POLYSACCHARIDE DIPHTHERIA CRM197 PROTEIN CONJUGATE ANTIGEN,True
339,0005-2000,STREPTOCOCCUS PNEUMONIAE TYPE 19F CAPSULAR POLYSACCHARIDE DIPHTHERIA CRM197 PROTEIN CONJUGATE ANTIGEN,True
340,0005-2000,STREPTOCOCCUS PNEUMONIAE TYPE 22F CAPSULAR POLYSACCHARIDE DIPHTHERIA CRM197 PROTEIN CONJUGATE ANTIGEN,True
341,0005-2000,STREPTOCOCCUS PNEUMONIAE TYPE 23F CAPSULAR POLYSACCHARIDE DIPHTHERIA CRM197 PROTEIN CONJUGATE ANTIGEN,True
342,0005-2000,STREPTOCOCCUS PNEUMONIAE TYPE 3 CAPSULAR POLYSACCHARIDE DIPHTHERIA CRM197 PROTEIN CONJUGATE ANTIGEN,True
343,0005-2000,STREPTOCOCCUS PNEUMONIAE TYPE 33F CAPSULAR POLYSACCHARIDE DIPHTHERIA CRM197 PROTEIN CONJUGATE ANTIGEN,True
344,0005-2000,STREPTOCOCCUS PNEUMONIAE TYPE 4 CAPSULAR POLYSACCHARIDE DIPHTHERIA CRM197 PROTEIN CONJUGATE ANTIGEN,True
345,0005-2000,STREPTOCOCCUS PNEUMONIAE TYPE 5 CAPSULAR POLYSACCHARIDE DIPHTHERIA CRM197 PROTEIN CONJUGATE ANTIGEN,True
346,0005-2000,STREPTOCOCCUS PNEUMONIAE TYPE 6A CAPSULAR POLYSACCHARIDE DIPHTHERIA CRM197 PROTEIN CONJUGATE ANTIGEN,True
347,0005-2000,STREPTOCOCCUS PNEUMONIAE TYPE 6B CAPSULAR POLYSACCHARIDE DIPHTHERIA CRM197 PROTEIN CONJUGATE ANTIGEN,True
348,0005-2000,STREPTOCOCCUS PNEUMONIAE TYPE 7F CAPSULAR POLYSACCHARIDE DIPHTHERIA CRM197 PROTEIN CONJUGATE ANTIGEN,True
349,0005-2000,STREPTOCOCCUS PNEUMONIAE TYPE 8 CAPSULAR POLYSACCHARIDE DIPHTHERIA CRM197 PROTEIN CONJUGATE ANTIGEN,True
350,0005-2000,STREPTOCOCCUS PNEUMONIAE TYPE 9V CAPSULAR POLYSACCHARIDE DIPHTHERIA CRM197 PROTEIN CONJUGATE ANTIGEN,True
351,0006-4827,VARICELLA-ZOSTER VIRUS STRAIN OKA/MERCK LIVE ANTIGEN,True
352,50090-1493,SALMONELLA TYPHI TY2 VI POLYSACCHARIDE ANTIGEN,True
353,50090-7036,STREPTOCOCCUS PNEUMONIAE TYPE 1 CAPSULAR POLYSACCHARIDE ANTIGEN,True
354,50090-7036,STREPTOCOCCUS PNEUMONIAE TYPE 10A CAPSULAR POLYSACCHARIDE ANTIGEN,True
355,50090-7036,STREPTOCOCCUS PNEUMONIAE TYPE 11A CAPSULAR POLYSACCHARIDE ANTIGEN,True
356,50090-7036,STREPTOCOCCUS PNEUMONIAE TYPE 12F CAPSULAR POLYSACCHARIDE ANTIGEN,True
357,50090-7036,STREPTOCOCCUS PNEUMONIAE TYPE 14 CAPSULAR POLYSACCHARIDE ANTIGEN,True
358,50090-7036,STREPTOCOCCUS PNEUMONIAE TYPE 15B CAPSULAR POLYSACCHARIDE ANTIGEN,True
359,50090-7036,STREPTOCOCCUS PNEUMONIAE TYPE 17F CAPSULAR POLYSACCHARIDE ANTIGEN,True
360,50090-7036,STREPTOCOCCUS PNEUMONIAE TYPE 18C CAPSULAR POLYSACCHARIDE ANTIGEN,True
361,50090-7036,STREPTOCOCCUS PNEUMONIAE TYPE 19A CAPSULAR POLYSACCHARIDE ANTIGEN,True
362,50090-7036,STREPTOCOCCUS PNEUMONIAE TYPE 19F CAPSULAR POLYSACCHARIDE ANTIGEN,True
363,50090-7036,STREPTOCOCCUS PNEUMONIAE TYPE 2 CAPSULAR POLYSACCHARIDE ANTIGEN,True
364,50090-7036,STREPTOCOCCUS PNEUMONIAE TYPE 20 CAPSULAR POLYSACCHARIDE ANTIGEN,True
365,50090-7036,STREPTOCOCCUS PNEUMONIAE TYPE 22F CAPSULAR POLYSACCHARIDE ANTIGEN,True
366,50090-7036,STREPTOCOCCUS PNEUMONIAE TYPE 23F CAPSULAR POLYSACCHARIDE ANTIGEN,True
367,50090-7036,STREPTOCOCCUS PNEUMONIAE TYPE 3 CAPSULAR POLYSACCHARIDE ANTIGEN,True
368,50090-7036,STREPTOCOCCUS PNEUMONIAE TYPE 33F CAPSULAR POLYSACCHARIDE ANTIGEN,True
369,50090-7036,STREPTOCOCCUS PNEUMONIAE TYPE 4 CAPSULAR POLYSACCHARIDE ANTIGEN,True
370,50090-7036,STREPTOCOCCUS PNEUMONIAE TYPE 5 CAPSULAR POLYSACCHARIDE ANTIGEN,True
371,50090-7036,STREPTOCOCCUS PNEUMONIAE TYPE 6B CAPSULAR POLYSACCHARIDE ANTIGEN,True
372,50090-7036,STREPTOCOCCUS PNEUMONIAE TYPE 7F CAPSULAR POLYSACCHARIDE ANTIGEN,True
373,50090-7036,STREPTOCOCCUS PNEUMONIAE TYPE 8 CAPSULAR POLYSACCHARIDE ANTIGEN,True
374,50090-7036,STREPTOCOCCUS PNEUMONIAE TYPE 9N CAPSULAR POLYSACCHARIDE ANTIGEN,True
375,50090-7036,STREPTOCOCCUS PNEUMONIAE TYPE 9V CAPSULAR POLYSACCHARIDE ANTIGEN,True
376,64678-211,BACILLUS ANTHRACIS STRAIN V770-NP1-R ANTIGENS,True
377,50090-1502,HEPATITIS A VIRUS STRAIN HM175 ANTIGEN (FORMALDEHYDE INACTIVATED),True
378,0006-4992,HEPATITIS B VIRUS SUBTYPE ADW HBSAG SURFACE PROTEIN ANTIGEN,True
379,0006-4045,HUMAN PAPILLOMAVIRUS TYPE 11 L1 CAPSID PROTEIN ANTIGEN,True
380,0006-4045,HUMAN PAPILLOMAVIRUS TYPE 16 L1 CAPSID PROTEIN ANTIGEN,True
381,0006-4045,HUMAN PAPILLOMAVIRUS TYPE 18 L1 CAPSID PROTEIN ANTIGEN,True
382,0006-4045,HUMAN PAPILLOMAVIRUS TYPE 6 L1 CAPSID PROTEIN ANTIGEN,True
383,33332-024,INFLUENZA A VIRUS A/THAILAND/8/2022 IVR-237 (H3N2) ANTIGEN (PROPIOLACTONE INACTIVATED),True
384,33332-024,INFLUENZA A VIRUS A/VICTORIA/4897/2022 IVR-238 (H1N1) ANTIGEN (PROPIOLACTONE INACTIVATED),True
385,33332-024,INFLUENZA B VIRUS B/AUSTRIA/1359417/2021 BVR-26 ANTIGEN (PROPIOLACTONE INACTIVATED),True
386,50090-3781,HEPATITIS A VIRUS STRAIN HM175 ANTIGEN (FORMALDEHYDE INACTIVATED),True
387,70461-024,INFLUENZA A VIRUS A/THAILAND/8/2022 IVR-237 (H3N2) ANTIGEN (FORMALDEHYDE INACTIVATED),True
388,70461-024,INFLUENZA A VIRUS A/VICTORIA/4897/2022 IVR-238 (H1N1) ANTIGEN (FORMALDEHYDE INACTIVATED),True
389,70461-024,INFLUENZA B VIRUS B/AUSTRIA/1359417/2021 BVR-26 ANTIGEN (FORMALDEHYDE INACTIVATED),True
390,70461-554,"INFLUENZA A VIRUS A/GEORGIA/12/2022 CVR-167 (H1N1) ANTIGEN (MDCK CELL DERIVED, PROPIOLACTONE INACTIVATED)",True
391,70461-554,"INFLUENZA A VIRUS A/SYDNEY/1304/2022 (H3N2) ANTIGEN (MDCK CELL DERIVED, PROPIOLACTONE INACTIVATED)",True
392,70461-554,"INFLUENZA B VIRUS B/SINGAPORE/WUH4618/2021 ANTIGEN (MDCK CELL DERIVED, PROPIOLACTONE INACTIVATED)",True
393,33332-124,INFLUENZA A VIRUS A/THAILAND/8/2022 IVR-237 (H3N2) ANTIGEN (PROPIOLACTONE INACTIVATED),True
394,33332-124,INFLUENZA A VIRUS A/VICTORIA/4897/2022 IVR-238 (H1N1) ANTIGEN (PROPIOLACTONE INACTIVATED),True
395,33332-124,INFLUENZA B VIRUS B/AUSTRIA/1359417/2021 BVR-26 ANTIGEN (PROPIOLACTONE INACTIVATED),True
396,42515-002,JAPANESE ENCEPHALITIS VIRUS STRAIN SA 14-14-2 ANTIGEN (FORMALDEHYDE INACTIVATED),True
397,70461-654,"INFLUENZA A VIRUS A/GEORGIA/12/2022 CVR-167 (H1N1) ANTIGEN (MDCK CELL DERIVED, PROPIOLACTONE INACTIVATED)",True
398,70461-654,"INFLUENZA A VIRUS A/SYDNEY/1304/2022 (H3N2) ANTIGEN (MDCK CELL DERIVED, PROPIOLACTONE INACTIVATED)",True
399,70461-654,"INFLUENZA B VIRUS B/SINGAPORE/WUH4618/2021 ANTIGEN (MDCK CELL DERIVED, PROPIOLACTONE INACTIVATED)",True
400,42515-003,CHIKUNGUNYA VIRUS LR2006 OPY1 (ATTENUATED STRAIN) ANTIGEN,True
401,0006-4119,HUMAN PAPILLOMAVIRUS TYPE 11 L1 CAPSID PROTEIN ANTIGEN,True
402,0006-4119,HUMAN PAPILLOMAVIRUS TYPE 16 L1 CAPSID PROTEIN ANTIGEN,True
403,0006-4119,HUMAN PAPILLOMAVIRUS TYPE 18 L1 CAPSID PROTEIN ANTIGEN,True
404,0006-4119,HUMAN PAPILLOMAVIRUS TYPE 31 L1 CAPSID PROTEIN ANTIGEN,True
405,0006-4119,HUMAN PAPILLOMAVIRUS TYPE 33 L1 CAPSID PROTEIN ANTIGEN,True
406,0006-4119,HUMAN PAPILLOMAVIRUS TYPE 45 L1 CAPSID PROTEIN ANTIGEN,True
407,0006-4119,HUMAN PAPILLOMAVIRUS TYPE 52 L1 CAPSID PROTEIN ANTIGEN,True
408,0006-4119,HUMAN PAPILLOMAVIRUS TYPE 58 L1 CAPSID PROTEIN ANTIGEN,True
409,0006-4119,HUMAN PAPILLOMAVIRUS TYPE 6 L1 CAPSID PROTEIN ANTIGEN,True
410,63361-243,BORDETELLA PERTUSSIS FILAMENTOUS HEMAGGLUTININ ANTIGEN (FORMALDEHYDE INACTIVATED),True
411,63361-243,BORDETELLA PERTUSSIS FIMBRIAE 2/3 ANTIGEN,True
412,63361-243,BORDETELLA PERTUSSIS PERTACTIN ANTIGEN,True
413,63361-243,BORDETELLA PERTUSSIS TOXOID ANTIGEN (GLUTARALDEHYDE INACTIVATED),True
414,63361-243,CLOSTRIDIUM TETANI TOXOID ANTIGEN (FORMALDEHYDE INACTIVATED),True
415,63361-243,CORYNEBACTERIUM DIPHTHERIAE TOXOID ANTIGEN (FORMALDEHYDE INACTIVATED),True
416,63361-243,HAEMOPHILUS INFLUENZAE TYPE B CAPSULAR POLYSACCHARIDE MENINGOCOCCAL OUTER MEMBRANE PROTEIN CONJUGATE ANTIGEN,True
417,63361-243,HEPATITIS B VIRUS SUBTYPE ADW HBSAG SURFACE PROTEIN ANTIGEN,True
418,63361-243,POLIOVIRUS TYPE 1 ANTIGEN (FORMALDEHYDE INACTIVATED),True
419,63361-243,POLIOVIRUS TYPE 2 ANTIGEN (FORMALDEHYDE INACTIVATED),True
420,63361-243,POLIOVIRUS TYPE 3 ANTIGEN (FORMALDEHYDE INACTIVATED),True
421,65044-2161,BACILLUS ANTHRACIS STRAIN V770-NP1-R ANTIGENS,True
422,69401-000,SALMONELLA TYPHI TY21A LIVE ANTIGEN,True
423,49281-915,YELLOW FEVER VIRUS STRAIN 17D-204 LIVE ANTIGEN,True
424,49281-924,INFLUENZA A VIRUS A/CALIFORNIA/122/2022 SAN-022 (H3N2) ANTIGEN (FORMALDEHYDE INACTIVATED),True
425,49281-924,INFLUENZA A VIRUS A/VICTORIA/4897/2022 IVR-238 (H1N1) ANTIGEN (FORMALDEHYDE INACTIVATED),True
426,49281-924,INFLUENZA B VIRUS B/MICHIGAN/01/2021 ANTIGEN (FORMALDEHYDE INACTIVATED),True
427,49281-924,INFLUENZA B VIRUS B/PHUKET/3073/2013 ANTIGEN (FORMALDEHYDE INACTIVATED),True
428,49281-935,INFLUENZA A VIRUS A/CROATIA/10136RV/2023 X-425A (H3N2) ANTIGEN (FORMALDEHYDE INACTIVATED),True
429,49281-935,INFLUENZA A VIRUS A/VICTORIA/4897/2022 IVR-238 (H1N1) ANTIGEN (FORMALDEHYDE INACTIVATED),True
430,49281-935,INFLUENZA B VIRUS B/MICHIGAN/01/2021 ANTIGEN (FORMALDEHYDE INACTIVATED),True
431,49281-935,INFLUENZA B VIRUS B/PHUKET/3073/2013 ANTIGEN (FORMALDEHYDE INACTIVATED),True
432,0005-0100,NEISSERIA MENINGITIDIS GROUP B RECOMBINANT LP2086 A05 PROTEIN VARIANT ANTIGEN,True
433,0005-0100,NEISSERIA MENINGITIDIS GROUP B RECOMBINANT LP2086 B01 PROTEIN VARIANT ANTIGEN,True
434,75052-001,RECOMBINANT HEPATITIS B SURFACE ANTIGEN (ISOFORM L),True
435,75052-001,RECOMBINANT HEPATITIS B SURFACE ANTIGEN (ISOFORM M),True
436,75052-001,RECOMBINANT HEPATITIS B SURFACE ANTIGEN (ISOFORM S),True
437,83703-044,INFLUENZA A VIRUS A/DARWIN/9/2021 SAN-010 (H3N2) ANTIGEN (FORMALDEHYDE INACTIVATED),True
438,83703-044,INFLUENZA A VIRUS A/VICTORIA/2570/2019 IVR-215 (H1N1) ANTIGEN (FORMALDEHYDE INACTIVATED),True
439,83703-044,INFLUENZA B VIRUS B/MICHIGAN/01/2021 ANTIGEN (FORMALDEHYDE INACTIVATED),True
440,83703-044,INFLUENZA B VIRUS B/PHUKET/3073/2013 ANTIGEN (FORMALDEHYDE INACTIVATED),True
441,0069-2465,RECOMBINANT STABILIZED RSV A PREFUSION F ANTIGEN,True
442,0069-2465,RECOMBINANT STABILIZED RSV B PREFUSION F ANTIGEN,True
443,83703-045,HEPATITIS A VIRUS STRAIN CR 326F ANTIGEN (FORMALDEHYDE INACTIVATED),True
444,0006-4347,CORYNEBACTERIUM DIPHTHERIAE CRM197 PROTEIN,True
445,0006-4347,STREPTOCOCCUS PNEUMONIAE TYPE 10A CAPSULAR POLYSACCHARIDE DIPHTHERIA CRM197 PROTEIN CONJUGATE ANTIGEN,True
446,0006-4347,STREPTOCOCCUS PNEUMONIAE TYPE 11A CAPSULAR POLYSACCHARIDE DIPHTHERIA CRM197 PROTEIN CONJUGATE ANTIGEN,True
447,0006-4347,STREPTOCOCCUS PNEUMONIAE TYPE 12F CAPSULAR POLYSACCHARIDE DIPHTHERIA CRM197 PROTEIN CONJUGATE ANTIGEN,True
448,0006-4347,STREPTOCOCCUS PNEUMONIAE TYPE 15A CAPSULAR POLYSACCHARIDE DIPHTHERIA CRM197 PROTEIN CONJUGATE ANTIGEN,True
449,0006-4347,STREPTOCOCCUS PNEUMONIAE TYPE 16F CAPSULAR POLYSACCHARIDE DIPHTHERIA CRM197 PROTEIN CONJUGATE ANTIGEN,True
450,0006-4347,STREPTOCOCCUS PNEUMONIAE TYPE 17F CAPSULAR POLYSACCHARIDE DIPHTHERIA CRM197 PROTEIN CONJUGATE ANTIGEN,True
451,0006-4347,STREPTOCOCCUS PNEUMONIAE TYPE 19A CAPSULAR POLYSACCHARIDE DIPHTHERIA CRM197 PROTEIN CONJUGATE ANTIGEN,True
452,0006-4347,STREPTOCOCCUS PNEUMONIAE TYPE 20A CAPSULAR POLYSACCHARIDE DIPHTHERIA CRM197 PROTEIN CONJUGATE ANTIGEN,True
453,0006-4347,STREPTOCOCCUS PNEUMONIAE TYPE 22F CAPSULAR POLYSACCHARIDE DIPHTHERIA CRM197 PROTEIN CONJUGATE ANTIGEN,True
454,0006-4347,STREPTOCOCCUS PNEUMONIAE TYPE 23A CAPSULAR POLYSACCHARIDE DIPHTHERIA CRM197 PROTEIN CONJUGATE ANTIGEN,True
455,0006-4347,STREPTOCOCCUS PNEUMONIAE TYPE 23B CAPSULAR POLYSACCHARIDE DIPHTHERIA CRM197 PROTEIN CONJUGATE ANTIGEN,True
456,0006-4347,STREPTOCOCCUS PNEUMONIAE TYPE 24F CAPSULAR POLYSACCHARIDE DIPHTHERIA CRM197 PROTEIN CONJUGATE ANTIGEN,True
457,0006-4347,STREPTOCOCCUS PNEUMONIAE TYPE 3 CAPSULAR POLYSACCHARIDE DIPHTHERIA CRM197 PROTEIN CONJUGATE ANTIGEN,True
458,0006-4347,STREPTOCOCCUS PNEUMONIAE TYPE 31 CAPSULAR POLYSACCHARIDE DIPHTHERIA CRM197 PROTEIN CONJUGATE ANTIGEN,True
459,0006-4347,STREPTOCOCCUS PNEUMONIAE TYPE 33F CAPSULAR POLYSACCHARIDE DIPHTHERIA CRM197 PROTEIN CONJUGATE ANTIGEN,True
460,0006-4347,STREPTOCOCCUS PNEUMONIAE TYPE 35B CAPSULAR POLYSACCHARIDE DIPHTHERIA CRM197 PROTEIN CONJUGATE ANTIGEN,True
461,0006-4347,STREPTOCOCCUS PNEUMONIAE TYPE 6A CAPSULAR POLYSACCHARIDE DIPHTHERIA CRM197 PROTEIN CONJUGATE ANTIGEN,True
462,0006-4347,STREPTOCOCCUS PNEUMONIAE TYPE 7F CAPSULAR POLYSACCHARIDE DIPHTHERIA CRM197 PROTEIN CONJUGATE ANTIGEN,True
604,0006-4121,HUMAN PAPILLOMAVIRUS TYPE 6 L1 CAPSID PROTEIN ANTIGEN,True
463,0006-4347,STREPTOCOCCUS PNEUMONIAE TYPE 8 CAPSULAR POLYSACCHARIDE DIPHTHERIA CRM197 PROTEIN CONJUGATE ANTIGEN,True
464,0006-4347,STREPTOCOCCUS PNEUMONIAE TYPE 9N CAPSULAR POLYSACCHARIDE DIPHTHERIA CRM197 PROTEIN CONJUGATE ANTIGEN,True
465,0006-4347,STREPTOCOCCUS PNEUMONIAE TYPE DEOAC15B CAPSULAR POLYSACCHARIDE DIPHTHERIA CRM197 PROTEIN CONJUGATE ANTIGEN,True
466,83703-046,HEPATITIS A VIRUS STRAIN CR 326F ANTIGEN (FORMALDEHYDE INACTIVATED),True
467,83703-047,HUMAN PAPILLOMAVIRUS TYPE 11 L1 CAPSID PROTEIN ANTIGEN,True
468,83703-047,HUMAN PAPILLOMAVIRUS TYPE 16 L1 CAPSID PROTEIN ANTIGEN,True
469,83703-047,HUMAN PAPILLOMAVIRUS TYPE 18 L1 CAPSID PROTEIN ANTIGEN,True
470,83703-047,HUMAN PAPILLOMAVIRUS TYPE 31 L1 CAPSID PROTEIN ANTIGEN,True
471,83703-047,HUMAN PAPILLOMAVIRUS TYPE 33 L1 CAPSID PROTEIN ANTIGEN,True
472,83703-047,HUMAN PAPILLOMAVIRUS TYPE 45 L1 CAPSID PROTEIN ANTIGEN,True
473,83703-047,HUMAN PAPILLOMAVIRUS TYPE 52 L1 CAPSID PROTEIN ANTIGEN,True
474,83703-047,HUMAN PAPILLOMAVIRUS TYPE 58 L1 CAPSID PROTEIN ANTIGEN,True
475,83703-047,HUMAN PAPILLOMAVIRUS TYPE 6 L1 CAPSID PROTEIN ANTIGEN,True
476,83703-048,HEPATITIS B VIRUS SUBTYPE ADW HBSAG SURFACE PROTEIN ANTIGEN,True
477,50090-1645,HEPATITIS A VIRUS STRAIN HM175 ANTIGEN (FORMALDEHYDE INACTIVATED),True
478,50090-1645,HEPATITIS B VIRUS SUBTYPE ADW2 HBSAG SURFACE PROTEIN ANTIGEN,True
479,83703-049,MEASLES VIRUS STRAIN ENDERS' ATTENUATED EDMONSTON LIVE ANTIGEN,True
480,83703-049,MUMPS VIRUS STRAIN B LEVEL JERYL LYNN LIVE ANTIGEN,True
481,83703-049,RUBELLA VIRUS STRAIN WISTAR RA 27/3 LIVE ANTIGEN,True
482,83703-061,INFLUENZA A VIRUS A/CALIFORNIA/122/2022 SAN-022 (H3N2) ANTIGEN (FORMALDEHYDE INACTIVATED),True
483,83703-061,INFLUENZA A VIRUS A/VICTORIA/4897/2022 IVR-238 (H1N1) ANTIGEN (FORMALDEHYDE INACTIVATED),True
484,83703-061,INFLUENZA B VIRUS B/MICHIGAN/01/2021 ANTIGEN (FORMALDEHYDE INACTIVATED),True
485,83703-062,"INFLUENZA A VIRUS A/GEORGIA/12/2022 CVR-167 (H1N1) ANTIGEN (MDCK CELL DERIVED, PROPIOLACTONE INACTIVATED)",True
486,83703-062,"INFLUENZA A VIRUS A/SYDNEY/1304/2022 (H3N2) ANTIGEN (MDCK CELL DERIVED, PROPIOLACTONE INACTIVATED)",True
487,83703-062,"INFLUENZA B VIRUS B/SINGAPORE/WUH4618/2021 ANTIGEN (MDCK CELL DERIVED, PROPIOLACTONE INACTIVATED)",True
488,50090-4958,HUMAN PAPILLOMAVIRUS TYPE 11 L1 CAPSID PROTEIN ANTIGEN,True
489,50090-4958,HUMAN PAPILLOMAVIRUS TYPE 16 L1 CAPSID PROTEIN ANTIGEN,True
490,50090-4958,HUMAN PAPILLOMAVIRUS TYPE 18 L1 CAPSID PROTEIN ANTIGEN,True
491,50090-4958,HUMAN PAPILLOMAVIRUS TYPE 31 L1 CAPSID PROTEIN ANTIGEN,True
492,50090-4958,HUMAN PAPILLOMAVIRUS TYPE 33 L1 CAPSID PROTEIN ANTIGEN,True
493,50090-4958,HUMAN PAPILLOMAVIRUS TYPE 45 L1 CAPSID PROTEIN ANTIGEN,True
494,50090-4958,HUMAN PAPILLOMAVIRUS TYPE 52 L1 CAPSID PROTEIN ANTIGEN,True
495,50090-4958,HUMAN PAPILLOMAVIRUS TYPE 58 L1 CAPSID PROTEIN ANTIGEN,True
496,50090-4958,HUMAN PAPILLOMAVIRUS TYPE 6 L1 CAPSID PROTEIN ANTIGEN,True
497,0006-4943,STREPTOCOCCUS PNEUMONIAE TYPE 1 CAPSULAR POLYSACCHARIDE ANTIGEN,True
498,0006-4943,STREPTOCOCCUS PNEUMONIAE TYPE 10A CAPSULAR POLYSACCHARIDE ANTIGEN,True
499,0006-4943,STREPTOCOCCUS PNEUMONIAE TYPE 11A CAPSULAR POLYSACCHARIDE ANTIGEN,True
500,0006-4943,STREPTOCOCCUS PNEUMONIAE TYPE 12F CAPSULAR POLYSACCHARIDE ANTIGEN,True
501,0006-4943,STREPTOCOCCUS PNEUMONIAE TYPE 14 CAPSULAR POLYSACCHARIDE ANTIGEN,True
502,0006-4943,STREPTOCOCCUS PNEUMONIAE TYPE 15B CAPSULAR POLYSACCHARIDE ANTIGEN,True
503,0006-4943,STREPTOCOCCUS PNEUMONIAE TYPE 17F CAPSULAR POLYSACCHARIDE ANTIGEN,True
504,0006-4943,STREPTOCOCCUS PNEUMONIAE TYPE 18C CAPSULAR POLYSACCHARIDE ANTIGEN,True
505,0006-4943,STREPTOCOCCUS PNEUMONIAE TYPE 19A CAPSULAR POLYSACCHARIDE ANTIGEN,True
506,0006-4943,STREPTOCOCCUS PNEUMONIAE TYPE 19F CAPSULAR POLYSACCHARIDE ANTIGEN,True
507,0006-4943,STREPTOCOCCUS PNEUMONIAE TYPE 2 CAPSULAR POLYSACCHARIDE ANTIGEN,True
508,0006-4943,STREPTOCOCCUS PNEUMONIAE TYPE 20 CAPSULAR POLYSACCHARIDE ANTIGEN,True
509,0006-4943,STREPTOCOCCUS PNEUMONIAE TYPE 22F CAPSULAR POLYSACCHARIDE ANTIGEN,True
510,0006-4943,STREPTOCOCCUS PNEUMONIAE TYPE 23F CAPSULAR POLYSACCHARIDE ANTIGEN,True
511,0006-4943,STREPTOCOCCUS PNEUMONIAE TYPE 3 CAPSULAR POLYSACCHARIDE ANTIGEN,True
512,0006-4943,STREPTOCOCCUS PNEUMONIAE TYPE 33F CAPSULAR POLYSACCHARIDE ANTIGEN,True
513,0006-4943,STREPTOCOCCUS PNEUMONIAE TYPE 4 CAPSULAR POLYSACCHARIDE ANTIGEN,True
514,0006-4943,STREPTOCOCCUS PNEUMONIAE TYPE 5 CAPSULAR POLYSACCHARIDE ANTIGEN,True
515,0006-4943,STREPTOCOCCUS PNEUMONIAE TYPE 6B CAPSULAR POLYSACCHARIDE ANTIGEN,True
516,0006-4943,STREPTOCOCCUS PNEUMONIAE TYPE 7F CAPSULAR POLYSACCHARIDE ANTIGEN,True
517,0006-4943,STREPTOCOCCUS PNEUMONIAE TYPE 8 CAPSULAR POLYSACCHARIDE ANTIGEN,True
518,0006-4943,STREPTOCOCCUS PNEUMONIAE TYPE 9N CAPSULAR POLYSACCHARIDE ANTIGEN,True
519,0006-4943,STREPTOCOCCUS PNEUMONIAE TYPE 9V CAPSULAR POLYSACCHARIDE ANTIGEN,True
520,80777-110,CX-046684,True
521,80777-291,CX-046684,True
522,80777-345,RNA-100-AR02,True
523,68225-228,CORYNEBACTERIUM DIPHTHERIAE CRM197 PROTEIN,True
524,68225-228,STREPTOCOCCUS PNEUMONIAE TYPE 1 CAPSULAR POLYSACCHARIDE DIPHTHERIA CRM197 PROTEIN CONJUGATE ANTIGEN,True
525,68225-228,STREPTOCOCCUS PNEUMONIAE TYPE 14 CAPSULAR POLYSACCHARIDE DIPHTHERIA CRM197 PROTEIN CONJUGATE ANTIGEN,True
526,68225-228,STREPTOCOCCUS PNEUMONIAE TYPE 18C CAPSULAR POLYSACCHARIDE DIPHTHERIA CRM197 PROTEIN CONJUGATE ANTIGEN,True
527,68225-228,STREPTOCOCCUS PNEUMONIAE TYPE 19A CAPSULAR POLYSACCHARIDE DIPHTHERIA CRM197 PROTEIN CONJUGATE ANTIGEN,True
528,68225-228,STREPTOCOCCUS PNEUMONIAE TYPE 19F CAPSULAR POLYSACCHARIDE DIPHTHERIA CRM197 PROTEIN CONJUGATE ANTIGEN,True
529,68225-228,STREPTOCOCCUS PNEUMONIAE TYPE 22F CAPSULAR POLYSACCHARIDE DIPHTHERIA CRM197 PROTEIN CONJUGATE ANTIGEN,True
530,68225-228,STREPTOCOCCUS PNEUMONIAE TYPE 23F CAPSULAR POLYSACCHARIDE DIPHTHERIA CRM197 PROTEIN CONJUGATE ANTIGEN,True
531,68225-228,STREPTOCOCCUS PNEUMONIAE TYPE 3 CAPSULAR POLYSACCHARIDE DIPHTHERIA CRM197 PROTEIN CONJUGATE ANTIGEN,True
532,68225-228,STREPTOCOCCUS PNEUMONIAE TYPE 33F CAPSULAR POLYSACCHARIDE DIPHTHERIA CRM197 PROTEIN CONJUGATE ANTIGEN,True
533,68225-228,STREPTOCOCCUS PNEUMONIAE TYPE 4 CAPSULAR POLYSACCHARIDE DIPHTHERIA CRM197 PROTEIN CONJUGATE ANTIGEN,True
534,68225-228,STREPTOCOCCUS PNEUMONIAE TYPE 5 CAPSULAR POLYSACCHARIDE DIPHTHERIA CRM197 PROTEIN CONJUGATE ANTIGEN,True
535,68225-228,STREPTOCOCCUS PNEUMONIAE TYPE 6A CAPSULAR POLYSACCHARIDE DIPHTHERIA CRM197 PROTEIN CONJUGATE ANTIGEN,True
536,68225-228,STREPTOCOCCUS PNEUMONIAE TYPE 6B CAPSULAR POLYSACCHARIDE DIPHTHERIA CRM197 PROTEIN CONJUGATE ANTIGEN,True
537,68225-228,STREPTOCOCCUS PNEUMONIAE TYPE 7F CAPSULAR POLYSACCHARIDE DIPHTHERIA CRM197 PROTEIN CONJUGATE ANTIGEN,True
538,68225-228,STREPTOCOCCUS PNEUMONIAE TYPE 9V CAPSULAR POLYSACCHARIDE DIPHTHERIA CRM197 PROTEIN CONJUGATE ANTIGEN,True
539,50090-1693,POLIOVIRUS TYPE 1 ANTIGEN (FORMALDEHYDE INACTIVATED),True
540,50090-1693,POLIOVIRUS TYPE 2 ANTIGEN (FORMALDEHYDE INACTIVATED),True
541,50090-1693,POLIOVIRUS TYPE 3 ANTIGEN (FORMALDEHYDE INACTIVATED),True
542,0006-4096,HEPATITIS A VIRUS STRAIN CR 326F ANTIGEN (FORMALDEHYDE INACTIVATED),True
543,0006-4309,WATER,True
544,59267-4426,BNT162B2 OMICRON (KP.2),True
545,71665-001,BACILLUS ANTHRACIS STRAIN V770-NP1-R ANTIGENS,True
546,59267-4438,BNT162B2 OMICRON (KP.2),True
547,0006-4841,HEPATITIS A VIRUS STRAIN CR 326F ANTIGEN (FORMALDEHYDE INACTIVATED),True
548,13533-131,CLOSTRIDIUM TETANI TOXOID ANTIGEN (FORMALDEHYDE INACTIVATED),True
549,13533-131,CORYNEBACTERIUM DIPHTHERIAE TOXOID ANTIGEN (FORMALDEHYDE INACTIVATED),True
550,0006-4094,HEPATITIS B VIRUS SUBTYPE ADW HBSAG SURFACE PROTEIN ANTIGEN,True
551,50090-1831,BORDETELLA PERTUSSIS FILAMENTOUS HEMAGGLUTININ ANTIGEN (FORMALDEHYDE INACTIVATED),True
552,50090-1831,BORDETELLA PERTUSSIS PERTACTIN ANTIGEN (FORMALDEHYDE INACTIVATED),True
553,50090-1831,"BORDETELLA PERTUSSIS TOXOID ANTIGEN (FORMALDEHYDE, GLUTARALDEHYDE INACTIVATED)",True
554,50090-1831,CLOSTRIDIUM TETANI TOXOID ANTIGEN (FORMALDEHYDE INACTIVATED),True
555,50090-1831,CORYNEBACTERIUM DIPHTHERIAE TOXOID ANTIGEN (FORMALDEHYDE INACTIVATED),True
556,0069-0297,TICK-BORNE ENCEPHALITIS PURIFIED ANTIGEN (FORMALDEHYDE INACTIVATED),True
557,50090-6180,NEISSERIA MENINGITIDIS GROUP A CAPSULAR POLYSACCHARIDE TETANUS TOXOID CONJUGATE ANTIGEN,True
558,50090-6180,NEISSERIA MENINGITIDIS GROUP C CAPSULAR POLYSACCHARIDE TETANUS TOXOID CONJUGATE ANTIGEN,True
559,50090-6180,NEISSERIA MENINGITIDIS GROUP W-135 CAPSULAR POLYSACCHARIDE TETANUS TOXOID CONJUGATE ANTIGEN,True
560,50090-6180,NEISSERIA MENINGITIDIS GROUP Y CAPSULAR POLYSACCHARIDE TETANUS TOXOID CONJUGATE ANTIGEN,True
561,0006-4175,WATER,True
562,62195-051,JAPANESE ENCEPHALITIS VIRUS STRAIN SA 14-14-2 ANTIGEN (FORMALDEHYDE INACTIVATED),True
563,50090-1860,MEASLES VIRUS STRAIN ENDERS' ATTENUATED EDMONSTON LIVE ANTIGEN,True
564,50090-1860,MUMPS VIRUS STRAIN B LEVEL JERYL LYNN LIVE ANTIGEN,True
565,50090-1860,RUBELLA VIRUS STRAIN WISTAR RA 27/3 LIVE ANTIGEN,True
566,63552-192,INFLUENZA A VIRUS A/DARWIN/6/2021 IVR-227 (H3N2) ANTIGEN (PROPIOLACTONE INACTIVATED),True
567,63552-192,INFLUENZA A VIRUS A/VICTORIA/2570/2019 IVR-215 (H1N1) ANTIGEN (PROPIOLACTONE INACTIVATED),True
568,63552-192,INFLUENZA B VIRUS B/AUSTRIA/1359417/2021 BVR-26 ANTIGEN (PROPIOLACTONE INACTIVATED),True
569,63552-192,INFLUENZA B VIRUS B/PHUKET/3073/2013 BVR-1B ANTIGEN (PROPIOLACTONE INACTIVATED),True
570,43528-003,HEPATITIS B VIRUS SUBTYPE ADW HBSAG SURFACE PROTEIN ANTIGEN,True
571,0006-4831,HEPATITIS A VIRUS STRAIN CR 326F ANTIGEN (FORMALDEHYDE INACTIVATED),True
572,80631-107,NVX-COV2705,True
573,0006-4995,HEPATITIS B VIRUS SUBTYPE ADW HBSAG SURFACE PROTEIN ANTIGEN,True
574,63552-212,HUMAN PAPILLOMAVIRUS TYPE 11 L1 CAPSID PROTEIN ANTIGEN,True
575,63552-212,HUMAN PAPILLOMAVIRUS TYPE 16 L1 CAPSID PROTEIN ANTIGEN,True
576,63552-212,HUMAN PAPILLOMAVIRUS TYPE 18 L1 CAPSID PROTEIN ANTIGEN,True
577,63552-212,HUMAN PAPILLOMAVIRUS TYPE 6 L1 CAPSID PROTEIN ANTIGEN,True
578,50090-1944,STREPTOCOCCUS PNEUMONIAE TYPE 1 CAPSULAR POLYSACCHARIDE DIPHTHERIA CRM197 PROTEIN CONJUGATE ANTIGEN,True
579,50090-1944,STREPTOCOCCUS PNEUMONIAE TYPE 14 CAPSULAR POLYSACCHARIDE DIPHTHERIA CRM197 PROTEIN CONJUGATE ANTIGEN,True
580,50090-1944,STREPTOCOCCUS PNEUMONIAE TYPE 18C CAPSULAR POLYSACCHARIDE DIPHTHERIA CRM197 PROTEIN CONJUGATE ANTIGEN,True
581,50090-1944,STREPTOCOCCUS PNEUMONIAE TYPE 19A CAPSULAR POLYSACCHARIDE DIPHTHERIA CRM197 PROTEIN CONJUGATE ANTIGEN,True
582,50090-1944,STREPTOCOCCUS PNEUMONIAE TYPE 19F CAPSULAR POLYSACCHARIDE DIPHTHERIA CRM197 PROTEIN CONJUGATE ANTIGEN,True
583,50090-1944,STREPTOCOCCUS PNEUMONIAE TYPE 23F CAPSULAR POLYSACCHARIDE DIPHTHERIA CRM197 PROTEIN CONJUGATE ANTIGEN,True
584,50090-1944,STREPTOCOCCUS PNEUMONIAE TYPE 3 CAPSULAR POLYSACCHARIDE DIPHTHERIA CRM197 PROTEIN CONJUGATE ANTIGEN,True
585,50090-1944,STREPTOCOCCUS PNEUMONIAE TYPE 4 CAPSULAR POLYSACCHARIDE DIPHTHERIA CRM197 PROTEIN CONJUGATE ANTIGEN,True
586,50090-1944,STREPTOCOCCUS PNEUMONIAE TYPE 5 CAPSULAR POLYSACCHARIDE DIPHTHERIA CRM197 PROTEIN CONJUGATE ANTIGEN,True
587,50090-1944,STREPTOCOCCUS PNEUMONIAE TYPE 6A CAPSULAR POLYSACCHARIDE DIPHTHERIA CRM197 PROTEIN CONJUGATE ANTIGEN,True
588,50090-1944,STREPTOCOCCUS PNEUMONIAE TYPE 6B CAPSULAR POLYSACCHARIDE DIPHTHERIA CRM197 PROTEIN CONJUGATE ANTIGEN,True
589,50090-1944,STREPTOCOCCUS PNEUMONIAE TYPE 7F CAPSULAR POLYSACCHARIDE DIPHTHERIA CRM197 PROTEIN CONJUGATE ANTIGEN,True
590,50090-1944,STREPTOCOCCUS PNEUMONIAE TYPE 9V CAPSULAR POLYSACCHARIDE DIPHTHERIA CRM197 PROTEIN CONJUGATE ANTIGEN,True
591,0006-4047,HUMAN ROTAVIRUS A TYPE G1P7(5) STRAIN WI79 LIVE ANTIGEN,True
592,0006-4047,HUMAN ROTAVIRUS A TYPE G2P7(5) STRAIN SC2 LIVE ANTIGEN,True
593,0006-4047,HUMAN ROTAVIRUS A TYPE G3P7(5) STRAIN WI78 LIVE ANTIGEN,True
594,0006-4047,HUMAN ROTAVIRUS A TYPE G4P7(5) STRAIN BRB LIVE ANTIGEN,True
595,0006-4047,HUMAN ROTAVIRUS A TYPE G6P1A(8) STRAIN WI79 LIVE ANTIGEN,True
596,0006-4121,HUMAN PAPILLOMAVIRUS TYPE 11 L1 CAPSID PROTEIN ANTIGEN,True
597,0006-4121,HUMAN PAPILLOMAVIRUS TYPE 16 L1 CAPSID PROTEIN ANTIGEN,True
598,0006-4121,HUMAN PAPILLOMAVIRUS TYPE 18 L1 CAPSID PROTEIN ANTIGEN,True
599,0006-4121,HUMAN PAPILLOMAVIRUS TYPE 31 L1 CAPSID PROTEIN ANTIGEN,True
600,0006-4121,HUMAN PAPILLOMAVIRUS TYPE 33 L1 CAPSID PROTEIN ANTIGEN,True
601,0006-4121,HUMAN PAPILLOMAVIRUS TYPE 45 L1 CAPSID PROTEIN ANTIGEN,True
602,0006-4121,HUMAN PAPILLOMAVIRUS TYPE 52 L1 CAPSID PROTEIN ANTIGEN,True
603,0006-4121,HUMAN PAPILLOMAVIRUS TYPE 58 L1 CAPSID PROTEIN ANTIGEN,True
